/************************************************************************/
/*																		*/
/*	Alexis Price & Kelly Kang					                        */
/*	4480 Final Project              									*/
/*																		*/
/************************************************************************/

INSERT INTO hospital VALUES ('14881','Albany','NY');
INSERT INTO hospital VALUES ('56905','Troy','NY');
INSERT INTO hospital VALUES ('66130','Metro','NY');
INSERT INTO hospital VALUES ('33216','Utica','NY');
INSERT INTO hospital VALUES ('63383','Metro','NY');
INSERT INTO hospital VALUES ('28025','Syracuse','NY');
INSERT INTO hospital VALUES ('61935','Bronx','NY');
INSERT INTO hospital VALUES ('76791','Rochester','NY');
INSERT INTO hospital VALUES ('10880','Kings','NY');
INSERT INTO hospital VALUES ('41591','Northport','NY');
INSERT INTO hospital VALUES ('63050','Westchester','NY');
INSERT INTO hospital VALUES ('55452','Trenton','NJ');
INSERT INTO hospital VALUES ('55953','Lyons','NJ');
INSERT INTO hospital VALUES ('84370','Newark','NJ');
INSERT INTO hospital VALUES ('12102','New Brunswick','NJ');
INSERT INTO hospital VALUES ('66840','Jersey City','NJ');
INSERT INTO hospital VALUES ('98861','Sussex','NJ');
INSERT INTO hospital VALUES ('28078','Dover','NJ');
INSERT INTO hospital VALUES ('32490','Hamilton','NJ');
INSERT INTO hospital VALUES ('40754','Camden','NJ');
INSERT INTO hospital VALUES ('85241','Salem','NJ');
INSERT INTO hospital VALUES ('80133','Westwood','NJ');
INSERT INTO hospital VALUES ('83502','Boston','MA');
INSERT INTO hospital VALUES ('84949','Bedford','MA');
INSERT INTO hospital VALUES ('40818','Cambridge','MA');
INSERT INTO hospital VALUES ('77937','Braintree','MA');
INSERT INTO hospital VALUES ('16181','Concord','MA');
INSERT INTO hospital VALUES ('83098','Gloucester','MA');
INSERT INTO hospital VALUES ('76754','Lowell','MA');
INSERT INTO hospital VALUES ('96551','Northampton','MA');
INSERT INTO hospital VALUES ('40568','Salem','MA');
INSERT INTO hospital VALUES ('11440','Waltham','MA');
INSERT INTO hospital VALUES ('70352','Westborough','MA');
INSERT INTO hospital VALUES ('39400','San Diego','CA');
INSERT INTO hospital VALUES ('48223','San Francisco','CA');
INSERT INTO hospital VALUES ('16528','Sacramento','CA');
INSERT INTO hospital VALUES ('11174','Riverside','CA');
INSERT INTO hospital VALUES ('49856','Laguna Beach','CA');
INSERT INTO hospital VALUES ('37808','Anaheim','CA');
INSERT INTO hospital VALUES ('36961','Salinas','CA');
INSERT INTO hospital VALUES ('89783','Huntington Park','CA');
INSERT INTO hospital VALUES ('96830','Los Angeles','CA');
INSERT INTO hospital VALUES ('49358','Duarte','CA');
INSERT INTO hospital VALUES ('32564','Lansdale','PA');
INSERT INTO hospital VALUES ('57924','Philadelphia','PA');
INSERT INTO hospital VALUES ('86498','Pittsburgh','PA');
INSERT INTO hospital VALUES ('13157','Susquehanna','PA');
INSERT INTO hospital VALUES ('80044','Malvern','PA');
INSERT INTO hospital VALUES ('95006','Erie','PA');
INSERT INTO hospital VALUES ('29482','Lebanon','PA');
INSERT INTO hospital VALUES ('22310','Scranton','PA');
INSERT INTO hospital VALUES ('15778','Lewisburg','PA');
INSERT INTO hospital VALUES ('46357','Bethlehem','PA');

INSERT INTO doctor VALUES ('518103','Foster','Carlton','geriatric');
INSERT INTO doctor VALUES ('188333','Renae','Westray','pediatric');
INSERT INTO doctor VALUES ('948577','Elizabeth','Rhodes','respiratory');
INSERT INTO doctor VALUES ('427574','Hayden','Troia','cardiology');
INSERT INTO doctor VALUES ('553302','Janet','Cress','autoimmune');
INSERT INTO doctor VALUES ('173814','Rosalia','Cava','');
INSERT INTO doctor VALUES ('266093','Delisa','Wehner','cardiology');
INSERT INTO doctor VALUES ('572875','Galen','Duke','geriatric');
INSERT INTO doctor VALUES ('531462','Branden','Fagan','respiratory');
INSERT INTO doctor VALUES ('910754','Florenico','Stahl','');
INSERT INTO doctor VALUES ('966459','Cindy','Vanderbilt','geriatric');
INSERT INTO doctor VALUES ('773770','Houston','Bracken','');
INSERT INTO doctor VALUES ('405280','Yasmine','Abston','geriatric'); 
INSERT INTO doctor VALUES ('303825','Ernesto','Coston','cardiology');
INSERT INTO doctor VALUES ('394318','Chang','Strine','geriatric');
INSERT INTO doctor VALUES ('727109','Lita','Biro','autoimmune');
INSERT INTO doctor VALUES ('606767','Eleanor','Bruneau','geriatric');
INSERT INTO doctor VALUES ('821975','Eva','Facey','');
INSERT INTO doctor VALUES ('711326','Marielle','Dorrell','endocrinology');
INSERT INTO doctor VALUES ('690591','Elijah','Currier','geriatric');
INSERT INTO doctor VALUES ('438686','Samuel','Eichhorn','respiratory');
INSERT INTO doctor VALUES ('385117','Mason','Lust','');
INSERT INTO doctor VALUES ('123851','Delmy','Ingersoll','pediatric');
INSERT INTO doctor VALUES ('947223','Eldora','Barrows','');
INSERT INTO doctor VALUES ('315000','Ora','Triolo','geriatric');
INSERT INTO doctor VALUES ('205600','Ayesha','Avina','autoimmune'); 
INSERT INTO doctor VALUES ('242269','Shizuko','Moro','cardiology');
INSERT INTO doctor VALUES ('280613','Tawana','Gutierez','');
INSERT INTO doctor VALUES ('338188','Latonya','Belgarde','geriatric');
INSERT INTO doctor VALUES ('190194','Art','Rector','geriatric');
INSERT INTO doctor VALUES ('693103','Tamara','Tomas','');
INSERT INTO doctor VALUES ('864414','Mia','Riggan','respiratory');
INSERT INTO doctor VALUES ('906668','Theresia','Hardeman','');
INSERT INTO doctor VALUES ('163050','Istifa','Hendrix','cardiology');
INSERT INTO doctor VALUES ('334793','Hudson','Carver','');
INSERT INTO doctor VALUES ('291866','Everest','Loch','');
INSERT INTO doctor VALUES ('443824','Vanessa','Neely','autoimmune');
INSERT INTO doctor VALUES ('040279','Rusty','Ebbert','pediatric'); 
INSERT INTO doctor VALUES ('116564','Lenore','Graham','cardiology');
INSERT INTO doctor VALUES ('989647','Keith','McGrahan','endocrinology');
INSERT INTO doctor VALUES ('116834','Emile','Hector','respiratory');
INSERT INTO doctor VALUES ('930764','Veda','Palau','');
INSERT INTO doctor VALUES ('132526','Rene','Coleman','endocrinology');
INSERT INTO doctor VALUES ('347036','Shela','Keppler','geriatric');
INSERT INTO doctor VALUES ('353099','Mirta','Abduallah','');
INSERT INTO doctor VALUES ('376737','Eliseo','Lessig','');
INSERT INTO doctor VALUES ('610631','Juli','Figeroa','autoimmune');
INSERT INTO doctor VALUES ('569774','Merna','Boyd','geriatric');
INSERT INTO doctor VALUES ('076635','Dollie','Shaikh','cardiology');
INSERT INTO doctor VALUES ('433031','Mistue','Gugino','pediatric'); 
INSERT INTO doctor VALUES ('489855','Bronwyn','Schrader','geriatric');
INSERT INTO doctor VALUES ('232979','Minh','Freels','respiratory');
INSERT INTO doctor VALUES ('998115','Serina','Alonso','');
INSERT INTO doctor VALUES ('707295','Corinne','Feaster','geriatric');
INSERT INTO doctor VALUES ('103567','Cassi','Counts','respiratory');
INSERT INTO doctor VALUES ('266415','Niki','Halligan','pediatric');
INSERT INTO doctor VALUES ('522043','Jason','Findlay','endocrinology');
INSERT INTO doctor VALUES ('278454','Michael','Glatz','');
INSERT INTO doctor VALUES ('362199','Jay','Nowland','');
INSERT INTO doctor VALUES ('379873','Soledad','Wilk','cardiology');
INSERT INTO doctor VALUES ('431839','Virgilio','Cousino','geriatric');
INSERT INTO doctor VALUES ('619850','Luciano','Chilson','autoimmune');
INSERT INTO doctor VALUES ('652397','Mack','Kintzel','respiratory');
INSERT INTO doctor VALUES ('254607','Margene','Brett','pediatric');

INSERT INTO treatment VALUES ('14076082','405280','55452','quarantined');
INSERT INTO treatment VALUES ('14519754','303825','14881','hospitalized');
INSERT INTO treatment VALUES ('67427093','427574','56905','released');
INSERT INTO treatment VALUES ('69718967','347036','39400','deceased');
INSERT INTO treatment VALUES ('42567891','205600','83502','hospitalized');
INSERT INTO treatment VALUES ('21119475','190194','84949','quarantined');
INSERT INTO treatment VALUES ('85286768','518103','66130','deceased');
INSERT INTO treatment VALUES ('46751805','619850','57924','released');
INSERT INTO treatment VALUES ('96037931','116564','16528','hospitalized');
INSERT INTO treatment VALUES ('39876268','727109','55953','released');
INSERT INTO treatment VALUES ('23824564','572875','33216','quarantined');
INSERT INTO treatment VALUES ('16321638','433031','86498','hospitalized');
INSERT INTO treatment VALUES ('59302141','569774','16528','deceased');
INSERT INTO treatment VALUES ('37385482','727109','84370','hospitalized');
INSERT INTO treatment VALUES ('08376491','553302','28025','quarantined');
INSERT INTO treatment VALUES ('19274373','569774','11174','deceased');
INSERT INTO treatment VALUES ('72810945','619850','13157','hospitalized');
INSERT INTO treatment VALUES ('62782137','821975','12102','quarantined');
INSERT INTO treatment VALUES ('81253853','303825','66840','released');
INSERT INTO treatment VALUES ('00937212','572875','61935','deceased');
INSERT INTO treatment VALUES ('15347026','443824','77937','hospitalized');
INSERT INTO treatment VALUES ('74658290','205600','84949','released');
INSERT INTO treatment VALUES ('98257384','989647','11174','quarantined');
INSERT INTO treatment VALUES ('18264263','232979','32564','hospitalized');
INSERT INTO treatment VALUES ('37645237','998115','95006','released');
INSERT INTO treatment VALUES ('48712476','930764','49358','released');
INSERT INTO treatment VALUES ('98230155','553302','63383','hospitalized');
INSERT INTO treatment VALUES ('67238123','518103','61935','deceased');
INSERT INTO treatment VALUES ('92300219','338188','16181','deceased');
INSERT INTO treatment VALUES ('81273240','438686','55452','hospitalized');
INSERT INTO treatment VALUES ('59102873','205600','76754','quarantined');
INSERT INTO treatment VALUES ('23910212','280613','40568','quarantined');
INSERT INTO treatment VALUES ('72801204','132526','49856','hospitalized');
INSERT INTO treatment VALUES ('00823481','821975','66840','deceased');
INSERT INTO treatment VALUES ('12637811','966459','61935','released');
INSERT INTO treatment VALUES ('02819246','173814','66130','quarantined');
INSERT INTO treatment VALUES ('82901252','385117','12102','hospitalized');
INSERT INTO treatment VALUES ('25391887','116834','89783','quarantined');
INSERT INTO treatment VALUES ('71028313','280613','84949','hospitalized');
INSERT INTO treatment VALUES ('11783242','266415','22310','quarantined');
INSERT INTO treatment VALUES ('39288764','173814','61935','hospitalized');
INSERT INTO treatment VALUES ('00924171','489855','29482','deceased');
INSERT INTO treatment VALUES ('91742196','690591','55953','deceased');
INSERT INTO treatment VALUES ('84120036','205600','16181','released');
INSERT INTO treatment VALUES ('68012421','693103','96551','hospitalized');
INSERT INTO treatment VALUES ('30927400','707295','32564','quarantined');
INSERT INTO treatment VALUES ('28451054','347036','11174','deceased');
INSERT INTO treatment VALUES ('48926132','773770','63050','hospitalized');
INSERT INTO treatment VALUES ('72091571','334793','83098','released');
INSERT INTO treatment VALUES ('67291483','123851','98861','released');
INSERT INTO treatment VALUES ('59204727','353099','49358','hospitalized');
INSERT INTO treatment VALUES ('10375299','910754','10880','quarantined');
INSERT INTO treatment VALUES ('89312160','266093','41591','released');
INSERT INTO treatment VALUES ('9147252','906668','11440','hospitalized');
INSERT INTO treatment VALUES ('09451234','347036','36961','hospitalized');
INSERT INTO treatment VALUES ('36723421','727109','40754','quarantined');
INSERT INTO treatment VALUES ('64201903','998115','22310','released');
INSERT INTO treatment VALUES ('89380914','531462','76791','deceased');
INSERT INTO treatment VALUES ('52572078','531462','63050','hospitalized');
INSERT INTO treatment VALUES ('68425973','610631','11174','hospitalized');
INSERT INTO treatment VALUES ('98381787','190194','96551','released');
INSERT INTO treatment VALUES ('09265204','376737','89783','released');
INSERT INTO treatment VALUES ('39671329','998115','22310','hospitalized');
INSERT INTO treatment VALUES ('02783918','947223','12102','hospitalized');
INSERT INTO treatment VALUES ('73801839','821975','80133','released');
INSERT INTO treatment VALUES ('62534182','338188','11440','deceased');
INSERT INTO treatment VALUES ('25391732','773770','56905','hospitalized');
INSERT INTO treatment VALUES ('17342684','315000','84370','deceased');
INSERT INTO treatment VALUES ('94624468','188333','14881','quarantined');
INSERT INTO treatment VALUES ('72538192','910754','10880','hospitalized');
INSERT INTO treatment VALUES ('52845180','347036','96830','quarantined');
INSERT INTO treatment VALUES ('49672942','619850','95006','quarantined');
INSERT INTO treatment VALUES ('28562063','291866','84949','released');
INSERT INTO treatment VALUES ('16596522','707295','29482','released');
INSERT INTO treatment VALUES ('86037563','930764','89783','hospitalized');
INSERT INTO treatment VALUES ('49207592','190194','83098','hospitalized');
INSERT INTO treatment VALUES ('47294027','334793','70352','quarantined');
INSERT INTO treatment VALUES ('04937942','405280','12102','released');
INSERT INTO treatment VALUES ('16452946','553302','14881','hospitalized');
INSERT INTO treatment VALUES ('58395739','707295','86498','deceased');
INSERT INTO treatment VALUES ('48395721','998115','95006','hospitalized');
INSERT INTO treatment VALUES ('20481831','910754','66130','quarantined');
INSERT INTO treatment VALUES ('35028472','821975','12102','hospitalized');
INSERT INTO treatment VALUES ('94820475','569774','89783','released');
INSERT INTO treatment VALUES ('63957200','338188','76754','quarantined');
INSERT INTO treatment VALUES ('94729421','489855','57924','released');
INSERT INTO treatment VALUES ('19375012','438686','84370','released');
INSERT INTO treatment VALUES ('92749223','405280','55452','deceased');
INSERT INTO treatment VALUES ('64829123','910754','56905','deceased');
INSERT INTO treatment VALUES ('84719352','930764','49358','hospitalized');
INSERT INTO treatment VALUES ('79480187','998115','95006','quarantined');
INSERT INTO treatment VALUES ('68124912','190194','83502','released');
INSERT INTO treatment VALUES ('10582832','173814','10880','hospitalized');
INSERT INTO treatment VALUES ('62940283','619850','22310','quarantined');
INSERT INTO treatment VALUES ('94820421','431839','57924','released');
INSERT INTO treatment VALUES ('47562913','347036','96830','quarantined');
INSERT INTO treatment VALUES ('73510521','438686','55452','hospitalized');
INSERT INTO treatment VALUES ('28561392','443824','83098','released');
INSERT INTO treatment VALUES ('05271001','531462','28025','hospitalized');
INSERT INTO treatment VALUES ('85910143','572875','63050','hospitalized');
INSERT INTO treatment VALUES ('28579206','610631','48223','quarantined');
INSERT INTO treatment VALUES ('79184230','947223','55452','deceased');
INSERT INTO treatment VALUES ('95729467','431839','86498','hospitalized');
INSERT INTO treatment VALUES ('04810381','906668','40818','released');

INSERT INTO uscases VALUES ('NY','257246','15302');
INSERT INTO uscases VALUES ('NJ','95865','5063');
INSERT INTO uscases VALUES ('MA','42944','2182');
INSERT INTO uscases VALUES ('CA','37534','1424');
INSERT INTO uscases VALUES ('PA','36763','1720');
INSERT INTO uscases VALUES ('IL','35108','1577');
INSERT INTO uscases VALUES ('MI','33929', '2812');
INSERT INTO uscases VALUES ('FL','28301','926');
INSERT INTO uscases VALUES ('LA','25258','1473');
INSERT INTO uscases VALUES ('CT','22469','1544');
INSERT INTO uscases VALUES ('TX','21590','569');
INSERT INTO uscases VALUES ('GA','20099','837');
INSERT INTO uscases VALUES ('MD','14775','610');
INSERT INTO uscases VALUES ('OH','14177','610');
INSERT INTO uscases VALUES ('WA','12539','696');
INSERT INTO uscases VALUES ('IN','12438','661');
INSERT INTO uscases VALUES ('CO','10878','521');
INSERT INTO uscases VALUES ('VA','10266','349');
INSERT INTO uscases VALUES ('TN','7704','177');
INSERT INTO uscases VALUES ('NC','7220','242');
INSERT INTO uscases VALUES ('MO','6137','237');
INSERT INTO uscases VALUES ('RI','5841','181');
INSERT INTO uscases VALUES ('AL','5610','201');
INSERT INTO uscases VALUES ('AZ','5459','236');
INSERT INTO uscases VALUES ('MS','4894','193');
INSERT INTO uscases VALUES ('WI','4845','247');
INSERT INTO uscases VALUES ('SC','4761','140');
INSERT INTO uscases VALUES ('NV','4081','187');
INSERT INTO uscases VALUES ('IA','3764','90');
INSERT INTO uscases VALUES ('UT','3451','34');
INSERT INTO uscases VALUES ('KY','3373','185');
INSERT INTO uscases VALUES ('DC','3206','127');
INSERT INTO uscases VALUES ('DE','3200','89');
INSERT INTO uscases VALUES ('OK','2894','169');
INSERT INTO uscases VALUES ('MN','2721','179');
INSERT INTO uscases VALUES ('AR','2392','44');
INSERT INTO uscases VALUES ('KS','2292','111');
INSERT INTO uscases VALUES ('NM','2210','71');
INSERT INTO uscases VALUES ('OR','2059','78');
INSERT INTO uscases VALUES ('SD','1858','9');
INSERT INTO uscases VALUES ('NE','1827','45');
INSERT INTO uscases VALUES ('ID','1688','54');
INSERT INTO uscases VALUES ('NH','1588','48');
INSERT INTO uscases VALUES ('WV','939','46');
INSERT INTO uscases VALUES ('ME','907','39');
INSERT INTO uscases VALUES ('VT','823','40');
INSERT INTO uscases VALUES ('ND','679','14');
INSERT INTO uscases VALUES ('HI','586','12');
INSERT INTO uscases VALUES ('MT','439','14');
INSERT INTO uscases VALUES ('AK','335','9');
INSERT INTO uscases VALUES ('WY','326','6');

INSERT INTO patient VALUES ('14076082', 'Max', 'Walker', '22-APR-1940', '428', 'elderly');
INSERT INTO patient VALUES ('14519754', 'Rachel', 'Baxter', '6-JUN-1989', '428', 'diabetic'); 
INSERT INTO patient VALUES ('67427093', 'Peter', 'Dean', '4-MAY-1997', '428', 'N/A'); 
INSERT INTO patient VALUES ('69718967', 'Taylor', 'Ferguson', '9-NOV-1954', '428', 'elderly'); 
INSERT INTO patient VALUES ('42567891', 'Ben', 'Harvey', '23-DEC-1978', '428', 'obese');
INSERT INTO patient VALUES ('21119475', 'Cassandra', 'Bates', '13-JAN-1929', '428', 'elderly'); 
INSERT INTO patient VALUES ('85286768', 'Mary', 'Jennings', '26-APR-1934', '428', 'elderly');
INSERT INTO patient VALUES ('46751805', 'Steven', 'Griffin', '17-NOV-2004', '428', 'immunocompromised');
INSERT INTO patient VALUES ('96037931', 'Helen', 'Cowel','4-JAN-1976', '428', 'N/A' );
INSERT INTO patient VALUES ('39876268', 'Ruby', 'Sherman', '30-JUL-1990', '802', 'obese' );
INSERT INTO patient VALUES ('23824564', 'Hunter', 'Lloyd', '6-DEC-1952', '428', 'elderly' );
INSERT INTO patient VALUES ('16321638', 'Nathan', 'Hunt', '1-OCT-1961', '428', 'diabetic' );
INSERT INTO patient VALUES ('59302141', 'Robert', 'Allison', '24-NOV-1945', '428', 'elderly' );
INSERT INTO patient VALUES ('37385482', 'Kelsey', 'Reese', '18-SEP-2005', '428', 'immunocompromised' );
INSERT INTO patient VALUES ('08376491', 'Trisha', 'Nunn', '29-AUG-1987', '937', 'obese' );
INSERT INTO patient VALUES ('19274373', 'Lindsey', 'Burke', '16-APR-1953', '428', 'elderly' );
INSERT INTO patient VALUES ('72810945', 'Calvin', 'Armstrong', '31-JAN-1982', '428', 'immunocompromised' );
INSERT INTO patient VALUES ('62782137', 'Owen', 'Lester', '8-FEB-1982', '428', 'diabetic' );
INSERT INTO patient VALUES ('81253853', 'Ryan', 'Addison', '14-SEP-1971', '428', 'N/A' );
INSERT INTO patient VALUES ('00937212', 'Megan', 'Clarke', '1-JUL-1939', '428', 'elderly' );
INSERT INTO patient VALUES ('15347026', 'Charlotte', 'Matthews', '3-AUG-1994', '428', 'immunocompromised' );
INSERT INTO patient VALUES ('74658290', 'Angela', 'Fitch', '21-NOV-1968', '937', 'diabetic' );
INSERT INTO patient VALUES ('98257384', 'Connor', 'Wells', '29-APR-1989', '802', 'N/A'  );
INSERT INTO patient VALUES ('18264263', 'Chris', 'Smith', '27-MAR-1960', '428', 'obese' );
INSERT INTO patient VALUES ('37645237', 'Nelson', 'Cox', '2-DEC-1978', '428', 'obese' );
INSERT INTO patient VALUES ('48712476', 'Phyllis', 'Lydell', '20-OCT-1986', '802', 'diabetic' );
INSERT INTO patient VALUES ('98230155', 'Isabella', 'Umbrago', '8-DEC-1979', '428', 'immunocompromised' );
INSERT INTO patient VALUES ('67238123', 'Quinn', 'Ross', '9-MAY-1942', '428', 'elderly' );
INSERT INTO patient VALUES ('92300219', 'Mario', 'Salgado', '14-JUL-1947', '428', 'elderly' );
INSERT INTO patient VALUES ('81273240', 'Fiona', 'Johnson', '28-FEB-1968', '428', 'obese' );
INSERT INTO patient VALUES ('59102873', 'Ella', 'Brown', '4-JAN-1979', '428', 'immunocompromised' );
INSERT INTO patient VALUES ('23910212', 'Lily', 'Pierce', '10-OCT-1959', '428', 'diabetic' );
INSERT INTO patient VALUES ('72801204', 'Wanda', 'Sikes', '25-JUL-1980', '635', 'N/A' );
INSERT INTO patient VALUES ('00823481', 'Zoe', 'Ambreen', '16-SEP-1950', '428', 'elderly' );
INSERT INTO patient VALUES ('12637811', 'Amber', 'Sullet', '3-FEB-1987', '937', 'diabetic' );
INSERT INTO patient VALUES ('02819246', 'Courtney', 'Dixon', '21-APR-1992', '428', 'obese' );
INSERT INTO patient VALUES ('82901252', 'Lewis', 'Chiu', '13-SEP-1948', '428', 'elderly' );
INSERT INTO patient VALUES ('25391887', 'Ross', 'Smith', '29-JUL-1984', '428', 'obese' );
INSERT INTO patient VALUES ('71028313', 'Fei', 'Wu', '15-OCT-1963', '635', 'N/A' );
INSERT INTO patient VALUES ('11783242', 'Nicholas', 'Osborne', '31-JAN-1982', '428', 'diabetic' );
INSERT INTO patient VALUES ('39288764', 'Joseph', 'Branson', '25-MAR-1989', '428', 'obese' );
INSERT INTO patient VALUES ('00924171', 'Madison', 'Ebert', '11-JUN-1946', '428', 'elderly' );
INSERT INTO patient VALUES ('91742196', 'Anton', 'Fink', '17-OCT-1953', '428', 'elderly' );
INSERT INTO patient VALUES ('84120036', 'Jaime', 'Gonzales', '28-NOV-2001', '428', 'immunocompromised' );
INSERT INTO patient VALUES ('68012421', 'Amy', 'Wong', '23-SEP-1982', '428', 'N/A' );
INSERT INTO patient VALUES ('30927400', 'Beth', 'Hobart', '10-DEC-1990', '428', 'obese' );
INSERT INTO patient VALUES ('28451054', 'Liz', 'Harborrow', '20-FEB-1954', '428', 'elderly' );
INSERT INTO patient VALUES ('48926132', 'Shelley', 'Jenkins', '13-JAN-1967', '428', 'diabetic' );
INSERT INTO patient VALUES ('72091571', 'Ray', 'Guo', '21-MAR-1974', '428', 'diabetic' );
INSERT INTO patient VALUES ('67291483', 'Alex', 'Landry', '26-SEP-1994', '428', 'obese' );
INSERT INTO patient VALUES ('49027349', 'Jennifer', 'Kennedy', '14_FEB-1928', '428', 'elderly' );
INSERT INTO patient VALUES ('59204727', 'Mahiro', 'Kano', '18-JUN-1983', '635', 'diabetic' );
INSERT INTO patient VALUES ('10375299', 'Myles', 'Owens', '7-DEC-1959', '428', 'diabetic' );
INSERT INTO patient VALUES ('89312160', 'Anthony', 'Roberts', '27-JUL-1967', '428', 'obese' );
INSERT INTO patient VALUES ('91472452', 'Cecilia', 'Miller', '12-OCT-1983', '428', 'N/A' );
INSERT INTO patient VALUES ('09451234', 'Nicole', 'King', '2-AUG-1973', '428', 'obese' );
INSERT INTO patient VALUES ('36723421', 'Christina', 'Lynch', '19-APR-1994', '428', 'immunocompromised' );
INSERT INTO patient VALUES ('64201903', 'Andrew', 'Kiser', '30-DEC-1990', '428', 'N/A' );
INSERT INTO patient VALUES ('89380914', 'Gary', 'Britton', '29-DEC-1942', '428', 'elderly' );
INSERT INTO patient VALUES ('52572078', 'Patrick', 'Abbot', '24-OCT-1976', '428', 'obese' );
INSERT INTO patient VALUES ('68425973', 'Michael', 'Sullivan', '15-JAN-1982', '428', 'immunocompromised' );
INSERT INTO patient VALUES ('98381787', 'Thomas', 'Smith', '18-FEB-1940', '428', 'elderly' );
INSERT INTO patient VALUES ('09265204', 'Kendall', 'Erickson', '26-MAR-1960', '428', 'obese' );
INSERT INTO patient VALUES ('39671329', 'Natalie', 'Rutherford', '26-JUN-2003', '428', 'diabetic' );
INSERT INTO patient VALUES ('02783918', 'Mark', 'McShane', '8-JUL-1997', '428', 'diabetic' );
INSERT INTO patient VALUES ('73801839', 'Ellen', 'Lewis', '15-MAR-1973', '428', 'obese' );
INSERT INTO patient VALUES ('62534182', 'Sofia', 'Mitchell', '29-DEC-1954', '428', 'elderly' );
INSERT INTO patient VALUES ('25391732', 'Jordan', 'Bennett', '27-MAY-1982', '428', 'N/A' );
INSERT INTO patient VALUES ('17342684', 'Jesse', 'Bernard', '16-NOV-1948', '428', 'elderly' );
INSERT INTO patient VALUES ('94624468', 'John', 'Fowler', '3-MAR-1962', '428', 'obese' );
INSERT INTO patient VALUES ('72538192', 'Emily', 'Scott', '23-JUL-1969', '428', 'obese' );
INSERT INTO patient VALUES ('52845180', 'Roxanne', 'Butler', '19-OCT-1947', '428', 'elderly' );
INSERT INTO patient VALUES ('49672942', 'Pamela', 'Harris', '10-JUN-1989', '428', 'immunocompromised' );
INSERT INTO patient VALUES ('28562063', 'Liam', 'Hudson', '30-NOV-1970', '428', 'N/A' );
INSERT INTO patient VALUES ('16596522', 'Noah', 'Perkins', '4-NOV-1948', '428', 'elderly' );
INSERT INTO patient VALUES ('86037563', 'Addison', 'Rigby', '28-APR-1968', '428', 'diabetic' );
INSERT INTO patient VALUES ('49207592', 'Olivia', 'Martin', '17-FEB-1944', '428', 'elderly' );
INSERT INTO patient VALUES ('47294027', 'Jim', 'Caldwell', '13-JAN-1985', '428', 'obese' );
INSERT INTO patient VALUES ('04937942', 'William', 'Samuels', '31-OCT-1997', '428', 'diabetic' );
INSERT INTO patient VALUES ('16452946', 'Ava', 'Michelson', '24-JUN-2007', '428', 'immunocompromised' );
INSERT INTO patient VALUES ('58395739', 'Mia', 'Prasad', '9-AUG-1934', '428', 'elderly' );
INSERT INTO patient VALUES ('48395721', 'Emilia', 'Zimmerman', '17-OCT-1984', '428', 'diabetic' );
INSERT INTO patient VALUES ('20481831', 'Logan', 'Williams', '15-JUL-1983', '428', 'N/A' );
INSERT INTO patient VALUES ('35028472', 'Gabe', 'Dawkins', '23-JAN-1974', '428', 'obese' );
INSERT INTO patient VALUES ('94820475', 'Stella', 'Parkhill', '1-MAY-1964', '428', 'obese' );
INSERT INTO patient VALUES ('63957200', 'Chris', 'Nagel', '29-AUG-1927', '428', 'elderly' );
INSERT INTO patient VALUES ('94729421', 'Emma', 'Chase', '16-MAR-1944', '428', 'elderly' );
INSERT INTO patient VALUES ('19375012', 'Carter', 'Shultz', '12-JUL-1977', '428', 'diabetic' );
INSERT INTO patient VALUES ('92749223', 'Luke', 'Axelrod', '25-NOV-1950', '428', 'elderly' );
INSERT INTO patient VALUES ('64829123', 'Alicia', 'Kaskey', '29-JUN-1959', '428', 'obese' );
INSERT INTO patient VALUES ('84719352', 'Maxwell', 'Baldwin', '14-OCT-1973', '428', 'N/A' );
INSERT INTO patient VALUES ('79480187', 'Isabella', 'Moore', '28-FEB-1969', '428', 'obese' ); 
INSERT INTO patient VALUES ('68124912', 'Cody', 'Little', '12-NOV-1963', '428', 'obese' );
INSERT INTO patient VALUES ('10582832', 'Roquan', 'Jordan', '26-SEP-1976', '428', 'diabetic' );
INSERT INTO patient VALUES ('62940283', 'Rebecca', 'Sherman', '8-JUN-2000', '428', 'immunocompromised' );
INSERT INTO patient VALUES ('94820421', 'Tess', 'Braxton', '13-MAR-1981', '428', 'N/A' );
INSERT INTO patient VALUES ('47562913', 'Zach', 'Norris', '6-FEB-1948', '42', 'elderly' );
INSERT INTO patient VALUES ('73510521', 'Linda', 'Simon', '4-JUL-1996', '428', 'obese' );
INSERT INTO patient VALUES ('28561392', 'Savannah', 'Doyle', '15-JUL-1987', '802', 'diabetic' );
INSERT INTO patient VALUES ('05271001', 'Taylor', 'Jenkins', '17-MAR-1963', '428', 'N/A' );
INSERT INTO patient VALUES ('85910143', 'Joseph', 'Chen', '2-APR-1939', '428', 'elderly' );
INSERT INTO patient VALUES ('28579206', 'Lucas', 'Romero', '28-DEC-2008', '428', 'immunocompromised' );
INSERT INTO patient VALUES ('79184230', 'Edward', 'Olson', '10-MAY-1975', '428', 'diabetic' );
INSERT INTO patient VALUES ('95729467', 'Ryan', 'Graves', '7-AUG-1945', '428', 'elderly' );
INSERT INTO patient VALUES ('04810381', 'John', 'Thorne', '29-NOV-1989', '428', 'obese' ); 

INSERT INTO immediate_family VALUES ('14519754','145197541', 'spouse', '10-AUG-1986', 'Luke', 'Baxter');
INSERT INTO immediate_family VALUES ('69718967','697189671', 'spouse',  '9-JUN-1952', 'Robert', 'Ferguson');
INSERT INTO immediate_family VALUES ('42567891','425678911', 'spouse',  '3-JUN-1981', 'Lucy', 'Harvey');
INSERT INTO immediate_family VALUES ('42567891','425678912', 'child', '8-FEB-2009', 'Patrick', 'Harvey');
INSERT INTO immediate_family VALUES ('42567891','425678913', 'child', '17-JUL- 2012', 'Sarah', 'Harvey');
INSERT INTO immediate_family VALUES ('85286768','852867681', 'spouse', '29-OCT-1935', 'Arthur', 'Jennings');
INSERT INTO immediate_family VALUES ('46751805','467518051', 'mother', '6-JAN-1980', 'Ashley', 'Griffin');
INSERT INTO immediate_family VALUES ('46751805','467518052', 'father', '15-AUG-1978', 'Timothy', 'Griffin');
INSERT INTO immediate_family VALUES ('46751805','467518053', 'sibling', '28-OCT-2007', 'Bailey', 'Griffin');
INSERT INTO immediate_family VALUES ('96037931','960379311', 'child', '14-SEP-2001', 'Rachel', 'Cowel');
INSERT INTO immediate_family VALUES ('23824564','238245641', 'spouse', '3-NOV-1959', 'Mary', 'LLoyd');
INSERT INTO immediate_family VALUES ('37385482','373854821', 'mother', '9-MAY-1974', 'Karen', 'Reese');
INSERT INTO immediate_family VALUES ('37385482','373854822', 'father', '12-OCT-1977', 'Andrew', 'Reese');
INSERT INTO immediate_family VALUES ('08376491','083764911', 'spouse', '5-JAN-1985', 'Rachel', 'Nunn');
INSERT INTO immediate_family VALUES ('72810945','728109451', 'spouse', '12-AUG-1984', 'Penny', 'Armstrong');
INSERT INTO immediate_family VALUES ('62782137','627821371', 'spouse', '2-JUL-1989', 'Angela', 'Lester');
INSERT INTO immediate_family VALUES ('81253853','812538531', 'spouse', '9-APR-1975', 'Trinity', 'Addison');
INSERT INTO immediate_family VALUES ('74658290','746582901', 'spouse', '27-MAY-1967', 'Harold', 'Fitch');
INSERT INTO immediate_family VALUES ('37645237','376452371', 'child', '1-AUG-2004', 'Lindsey', 'Cox');
INSERT INTO immediate_family VALUES ('48712476','487124761', 'spouse', '31-DEC-1985', 'Charles', 'Lydell');
INSERT INTO immediate_family VALUES ('48712476','487124762', 'child', '4-JUN-2009', 'Caleb', 'Lydell');
INSERT INTO immediate_family VALUES ('98230155','982301551', 'spouse','3-MAR-1975', 'James', 'Umbrago');
INSERT INTO immediate_family VALUES ('98230155','982301552',  'child','15-OCT-2003', 'Noelle', 'Umbrago');
INSERT INTO immediate_family VALUES ('81273240','812732401', 'spouse', '24-FEB-1965', 'David', 'Johnson');
INSERT INTO immediate_family VALUES ('72801204','728012041', 'spouse', '3-AUG-1978', 'Brandon', 'Sikes');
INSERT INTO immediate_family VALUES ('72801204','728012042', 'child', '14-SEP-2010', 'Lily', 'Sikes');
INSERT INTO immediate_family VALUES ('72801204','728012043', 'child', '23-DEC-2012', 'Max', 'Sikes');
INSERT INTO immediate_family VALUES ('12637811','126378111', 'spouse', '9-AUG-1885', 'Nick', 'Sullet');
INSERT INTO immediate_family VALUES ('12637811','126378112', 'child', '21-FEB-2018', 'Abigail', 'Sullet');
INSERT INTO immediate_family VALUES ('11783242','117832421', 'spouse', '6-SEP-1984', 'Ryan', 'Osbourne');
INSERT INTO immediate_family VALUES ('84120036','841200361', 'father', '21-MAR-1972', 'Julio', 'Gonzales');
INSERT INTO immediate_family VALUES ('28451054','284510541', 'spouse', '3-JAN-1956', 'Gregory', 'Harborrow');
INSERT INTO immediate_family VALUES ('48926132','489261321', 'spouse', '19-MAY-1968', 'Mark', 'Jenkins');
INSERT INTO immediate_family VALUES ('72091571','720915711', 'spouse', '27-AUG-1972', 'Lucy', 'Guo');
INSERT INTO immediate_family VALUES ('59204727','592047271', 'spouse', '5-JUN-1982', 'Kenji', 'Kano');
INSERT INTO immediate_family VALUES ('89312160','893121601', 'spouse', '19-APR-1960', 'Saanvi', 'Roberts');
INSERT INTO immediate_family VALUES ('91472452','914724521', 'child', '18-JUN-2004', 'Isabella', 'Miller');
INSERT INTO immediate_family VALUES ('39671329','396713291', 'father', '3-AUG-1972', 'Patrick', 'Rutherford');
INSERT INTO immediate_family VALUES ('39671329','396713292', 'mother', '15-SEP-1976', 'Lydia', 'Rutherford');
INSERT INTO immediate_family VALUES ('73801839','738018391', 'spouse', '7-DEC-1970', 'Michael', 'Lewis');
INSERT INTO immediate_family VALUES ('62534182','625341821', 'spouse', '23-NOV-1960', 'Owen', 'Mitchell');
INSERT INTO immediate_family VALUES ('25391732','253917321', 'spouse', '18-APR-1980', 'Riley', 'Bennett');
INSERT INTO immediate_family VALUES ('25391732','253917322', 'child', '9-JUL-2004', 'Benjamin', 'Bennett');
INSERT INTO immediate_family VALUES ('17342684','173426841', 'spouse', '4-SEP-1951', 'Rebecca', 'Bernard');
INSERT INTO immediate_family VALUES ('16452946','164529461', 'mother', '10-MAY-1982', 'Greta', 'Michelson');
INSERT INTO immediate_family VALUES ('16452946','164529462', 'father', '17-DEC-1979', 'Samuel', 'Michelson');
INSERT INTO immediate_family VALUES ('68124912','681249121', 'spouse', '31-DEC-1965', 'Jay', 'Little');
INSERT INTO immediate_family VALUES ('10582832','105828321', 'spouse', '8-AUG-1978', 'Wendy', 'Jordan');
INSERT INTO immediate_family VALUES ('62940283','629402831', 'mother', '17-JUN-1970', 'Ella', 'Sherman');
INSERT INTO immediate_family VALUES ('62940283','629402832', 'father', '22-MAR-1968', 'Cody', 'Sherman');
INSERT INTO immediate_family VALUES ('05271001','052710011', 'spouse', '24-JAN-1965', 'Keith', 'Jenkins');
INSERT INTO immediate_family VALUES ('28579206','285792061', 'mother', '5-MAY-1982', 'Eliza', 'Romero');
INSERT INTO immediate_family VALUES ('28579206','285792062', 'father', '26-OCT-1983', 'Jackson', 'Romero');
INSERT INTO immediate_family VALUES ('04810381','048103811', 'spouse', '7-NOV-1990', 'Lisa', 'Thorne');
INSERT INTO immediate_family VALUES ('04810381','048103812', 'child', '15-FEB-2014', 'Mark', 'Thorne');
INSERT INTO immediate_family VALUES ('04810381','048103813', 'child', '29-MAY-2012', 'Addison', 'Thorne');

INSERT INTO restricted_locations VALUES('Italy (1)', '802', '39876268', '55452', '7-MAR-2020');
INSERT INTO restricted_locations VALUES('Australia (1)', '937', '08376491', '33216', '1-MAR-2020');
INSERT INTO restricted_locations VALUES('Australia (2)', '937', '74658290', '16181', '27-FEB-2020');
INSERT INTO restricted_locations VALUES('Italy (2)', '802', '98257384', '89783', '4-MAR-2020');
INSERT INTO restricted_locations VALUES ('Japan (1)', '635','72801204', '96830', '23-FEB-2020' );
INSERT INTO restricted_locations VALUES ('Australia (3)', '937','12637811', '14881', '3-MAR-2020' );
INSERT INTO restricted_locations VALUES  ('Japan (2)', '635', '71028313', '83098', '5-MAR-2020');
INSERT INTO restricted_locations VALUES ('Japan (3)', '635', '59204727', '37808', '23-JAN-2020');
INSERT INTO restricted_locations VALUES ('Italy (3)', '802', '28561392', '77937', '2-MAR-2020' );